set default_storage_engine='tokudb';
drop table if exists t;
set tokudb_disable_slow_upsert=1;
create table t (id int primary key, x int not null);
insert noar into t values (1,42);
insert noar into t values (1,42) on duplicate key update x=x+1;
select * from t;
id	x
1	43
insert noar into t values (1,42) on duplicate key update x=values(x)+1;
ERROR 42000: Table 't' uses an extension that doesn't exist in this XYZ version
select * from t;
id	x
1	43
drop table t;
